-- phpMyAdmin SQL Dump
-- version 5.2.1
-- https://www.phpmyadmin.net/
--
-- Hôte : 127.0.0.1
-- Généré le : ven. 19 juil. 2024 à 19:38
-- Version du serveur : 10.4.32-MariaDB
-- Version de PHP : 8.2.12

SET SQL_MODE = "NO_AUTO_VALUE_ON_ZERO";
START TRANSACTION;
SET time_zone = "+00:00";


/*!40101 SET @OLD_CHARACTER_SET_CLIENT=@@CHARACTER_SET_CLIENT */;
/*!40101 SET @OLD_CHARACTER_SET_RESULTS=@@CHARACTER_SET_RESULTS */;
/*!40101 SET @OLD_COLLATION_CONNECTION=@@COLLATION_CONNECTION */;
/*!40101 SET NAMES utf8mb4 */;

--
-- Base de données : `absence`
--

-- --------------------------------------------------------

--
-- Structure de la table `absence`
--

CREATE TABLE `absence` (
  `ID_Absence` int(11) NOT NULL,
  `Date_Absence` date DEFAULT current_timestamp(),
  `Entrée_matin` varchar(20) DEFAULT 'حاضر',
  `Entrée_soir` varchar(20) DEFAULT 'حاضر',
  `Sortie_matin` varchar(20) DEFAULT 'حاضر',
  `Sortie_soir` varchar(20) DEFAULT 'حاضر',
  `IDétudient` int(11) DEFAULT NULL,
  `IDbus` int(11) DEFAULT NULL
) ENGINE=InnoDB DEFAULT CHARSET=utf8mb4 COLLATE=utf8mb4_general_ci;

--
-- Déchargement des données de la table `absence`
--

INSERT INTO `absence` (`ID_Absence`, `Date_Absence`, `Entrée_matin`, `Entrée_soir`, `Sortie_matin`, `Sortie_soir`, `IDétudient`, `IDbus`) VALUES
(9, '2024-07-15', 'غائب', 'حاضر', 'حاضر', 'حاضر', 5, 6),
(10, '2024-07-15', 'غائب', 'حاضر', 'حاضر', 'حاضر', 6, 6),
(11, '2024-07-15', 'غائب', 'حاضر', 'حاضر', 'حاضر', 7, 6),
(12, '2024-07-15', 'غائب', 'حاضر', 'حاضر', 'حاضر', 8, 6),
(13, '2024-07-15', 'حاضر', 'حاضر', 'حاضر', 'حاضر', 9, 6),
(14, '2024-07-15', 'حاضر', 'حاضر', 'حاضر', 'حاضر', 10, 6),
(15, '2024-07-15', 'حاضر', 'حاضر', 'حاضر', 'حاضر', 11, 6),
(16, '2024-07-15', 'حاضر', 'حاضر', 'حاضر', 'حاضر', 12, 6),
(17, '2024-07-15', 'حاضر', 'حاضر', 'حاضر', 'حاضر', 13, 6),
(18, '2024-07-15', 'حاضر', 'حاضر', 'حاضر', 'حاضر', 14, 6),
(19, '2024-07-15', 'حاضر', 'حاضر', 'حاضر', 'حاضر', 15, 6),
(20, '2024-07-15', 'حاضر', 'حاضر', 'حاضر', 'حاضر', 16, 6),
(21, '2024-07-15', 'حاضر', 'حاضر', 'حاضر', 'حاضر', 17, 6),
(22, '2024-07-15', 'حاضر', 'حاضر', 'حاضر', 'حاضر', 18, 6),
(23, '2024-07-15', 'حاضر', 'حاضر', 'حاضر', 'حاضر', 19, 6),
(24, '2024-07-15', 'حاضر', 'حاضر', 'حاضر', 'حاضر', 20, 6),
(25, '2024-07-15', 'حاضر', 'حاضر', 'حاضر', 'حاضر', 21, 6),
(26, '2024-07-15', 'حاضر', 'حاضر', 'حاضر', 'حاضر', 22, 6),
(27, '2024-07-15', 'حاضر', 'حاضر', 'حاضر', 'حاضر', 23, 6),
(28, '2024-07-15', 'حاضر', 'حاضر', 'حاضر', 'حاضر', 24, 6),
(29, '2024-07-15', 'حاضر', 'حاضر', 'حاضر', 'حاضر', 25, 6),
(30, '2024-07-15', 'حاضر', 'حاضر', 'حاضر', 'حاضر', 26, 6),
(31, '2024-07-15', 'حاضر', 'حاضر', 'حاضر', 'حاضر', 27, 6),
(32, '2024-07-15', 'حاضر', 'حاضر', 'حاضر', 'حاضر', 28, 6),
(33, '2024-07-15', 'حاضر', 'حاضر', 'حاضر', 'حاضر', 29, 6),
(34, '2024-07-15', 'حاضر', 'حاضر', 'حاضر', 'حاضر', 30, 6),
(35, '2024-07-15', 'حاضر', 'حاضر', 'حاضر', 'حاضر', 31, 6),
(36, '2024-07-15', 'حاضر', 'حاضر', 'حاضر', 'حاضر', 32, 6),
(37, '2024-07-15', 'حاضر', 'حاضر', 'حاضر', 'حاضر', 33, 6),
(38, '2024-07-15', 'حاضر', 'حاضر', 'حاضر', 'حاضر', 34, 6),
(39, '2024-07-15', 'حاضر', 'حاضر', 'حاضر', 'حاضر', 35, 6),
(40, '2024-07-15', 'حاضر', 'حاضر', 'حاضر', 'حاضر', 36, 6),
(41, '2024-07-15', 'حاضر', 'حاضر', 'حاضر', 'حاضر', 37, 6),
(42, '2024-07-15', 'حاضر', 'حاضر', 'حاضر', 'حاضر', 38, 6),
(43, '2024-07-17', 'غائب', 'حاضر', 'حاضر', 'حاضر', 6, 6),
(44, '2024-07-17', 'حاضر', 'حاضر', 'حاضر', 'حاضر', 7, 6),
(45, '2024-07-17', 'حاضر', 'حاضر', 'حاضر', 'حاضر', 8, 6),
(46, '2024-07-17', 'حاضر', 'حاضر', 'حاضر', 'حاضر', 9, 6),
(47, '2024-07-17', 'حاضر', 'حاضر', 'حاضر', 'حاضر', 10, 6),
(48, '2024-07-17', 'حاضر', 'حاضر', 'حاضر', 'حاضر', 11, 6),
(49, '2024-07-17', 'حاضر', 'حاضر', 'حاضر', 'حاضر', 12, 6),
(50, '2024-07-17', 'حاضر', 'حاضر', 'حاضر', 'حاضر', 13, 6),
(51, '2024-07-17', 'حاضر', 'حاضر', 'حاضر', 'حاضر', 14, 6),
(52, '2024-07-17', 'حاضر', 'حاضر', 'حاضر', 'حاضر', 15, 6);

-- --------------------------------------------------------

--
-- Structure de la table `bus_scolaire`
--

CREATE TABLE `bus_scolaire` (
  `ID_bus` int(11) NOT NULL,
  `Numéro_de_bus` int(11) DEFAULT NULL,
  `IdChauffeur` int(11) DEFAULT NULL
) ENGINE=InnoDB DEFAULT CHARSET=utf8mb4 COLLATE=utf8mb4_general_ci;

--
-- Déchargement des données de la table `bus_scolaire`
--

INSERT INTO `bus_scolaire` (`ID_bus`, `Numéro_de_bus`, `IdChauffeur`) VALUES
(2, 16, 23),
(3, 15, 22),
(4, 20, 17),
(5, 4, 12),
(6, 1, 9),
(7, 2, 10),
(8, 7, 11),
(9, 5, 13),
(10, 6, 14),
(11, 8, 15),
(12, 9, 16),
(13, 11, 18),
(14, 12, 19),
(15, 13, 20),
(16, 14, 21),
(17, 17, 24),
(18, 18, 25),
(19, 19, 26),
(20, 21, 28),
(21, 22, 29),
(22, 23, 10),
(23, 24, 31),
(24, 10, 32);

-- --------------------------------------------------------

--
-- Structure de la table `etudient`
--

CREATE TABLE `etudient` (
  `ID_étudient` int(11) NOT NULL,
  `Nom_complet` varchar(100) DEFAULT NULL,
  `niveau_étude` varchar(250) DEFAULT NULL,
  `IdBus` int(11) DEFAULT NULL
) ENGINE=InnoDB DEFAULT CHARSET=utf8mb4 COLLATE=utf8mb4_general_ci;

--
-- Déchargement des données de la table `etudient`
--

INSERT INTO `etudient` (`ID_étudient`, `Nom_complet`, `niveau_étude`, `IdBus`) VALUES
(5, 'مريزيك سلمى', 'الثاني ابتدائي', 14),
(6, 'انجيه سلمان', 'السادس ابتدائي', 6),
(7, 'انجيه سعد', 'الثالث ابتدائي', 6),
(8, 'السباعي محمد الحسن', 'التمهيدي الأول', 6),
(9, 'السباعي ياسبن', 'الرابع ابتدائي', 6),
(10, 'ابريه حميدا', 'الثاني ابتدائي', 6),
(11, 'زغمان محمد', 'الثالث ابتدائي', 6),
(12, 'زغمان محمد عالي', 'التمهيدي الأول', 6),
(13, 'الموساوي ملة', 'التمهيدي الثاني', 6),
(14, 'الدويهي حفصة', 'السادس ابتدائي', 6),
(15, 'حيسون حمدي', 'الخامس ابتدائي', 6),
(16, 'حيسون امجد', 'الثاني ابتدائي', 6),
(17, 'الشيخ سيدي بوبكر غالي', 'الأول ابتدائي', 6),
(18, 'ببيت أنهة', 'الخامس ابتدائي', 6),
(19, 'حبيبي أمير', 'الثاني ابتدائي', 6),
(20, 'حبيبي علي', 'التمهيدي الأول', 6),
(21, 'الداية حمزة', 'الخامس ابتدائي', 6),
(22, 'الداية فاطمة', 'الأول ابتدائي', 6),
(23, 'الداية منار', 'الرابع ابتدائي', 6),
(24, 'الداية الزهرة', 'الثالث ابتدائي', 6),
(25, 'ايوب مريم', 'الثالث ابتدائي', 6),
(26, 'تابيت رانيا', 'الأول ابتدائي', 6),
(27, 'تابيت  مروة ', 'السادس ابتدائي', 6),
(28, 'الصافي خديجة', 'أولى باكالوريا.', 6),
(29, 'الصافي هاجر', 'أولى اعدادي', 6),
(30, 'أعديش ملك', 'الثانية اعدادي', 6),
(31, 'مخلوف امهمد', 'الثانية اعدادي', 6),
(32, 'الغواغ حسناء', 'الثالثة اعدادي', 6),
(33, 'الوردي ايمان', 'أولى باكالوريا', 6),
(34, 'بدا محمد', 'الثالثة اعدادي', 6),
(35, 'شعباني اخلاص', 'أولى اعدادي', 6),
(36, 'الوغري احمد', 'الثانية اعدادي', 6),
(37, 'الخطاط مريم', 'جدع مشترك', 6),
(38, 'داهي توفة', 'الثانية اعدادي', 6),
(39, 'اشبايك اسامة', 'الثاني ابتدائي', 7),
(40, 'هراد رتاج', 'الأول ابتدائي', 7),
(41, 'الصحراوي أميرة', 'التمهيدي الثاني', 7),
(42, 'الصحراوي حمزة', 'الرابع ابتدائي', 7),
(43, 'بجديد سلمى', 'الخامس ابتدائي', 7),
(44, 'بجديد ابراهيم', 'الثاني ابتدائي', 7),
(45, 'بوإغيث محمد أمين', 'الثالث ابتدائي', 7),
(46, 'المير عمران ', 'الخامس ابتدائي', 7),
(47, 'المير هجر', 'الثاني ابتدائي', 7),
(48, 'بوشلكة سارة', 'الثالث ابتدائي', 7),
(49, 'بوشلكة عبد الرحمان', 'الأول ابتدائي', 7),
(50, 'بوعزة مريا', 'الثالث ابتدائي', 7),
(51, 'الجعفري جنات', 'الخامس ابتدائي', 7),
(52, 'الوعبان سعد', 'الثالث ابتدائي', 7),
(53, 'الحاضري سيف الدين', 'السادس ابتدائي', 7),
(54, 'الحاضري ريحانة', 'التمهيدي الثاني', 7),
(55, 'هيشر ملاك', 'الثاني ابتدائي', 7),
(56, 'هيشر حسام', 'التمهيدي الأول', 7),
(57, 'موبين مريم', 'التمهيدي الثاني', 7),
(58, 'حمنا اتفرح ', 'التمهيدي الثاني', 7),
(59, 'حمنا جهاد', 'الأول ابتدائي', 7),
(60, 'ايت الطالب ريان', 'التمهيدي', 7),
(61, 'ايت الطالب أريج', 'التمهيدي الأول', 7),
(62, 'معفى محمد', 'التمهيدي الأول', 7),
(63, 'اسقيربة هارون', 'التمهيدي الأول', 7),
(64, 'الكرعاني غيثة', 'التمهيدي الثاني', 7),
(65, 'أبا حازم نور الهدى', 'الثاني ابتدائي', 7),
(66, 'أبا حازم محمد أمين', 'التمهيدي الثاني', 7),
(67, 'ابلاغ محمد', 'الخامس ابتدائي', 7),
(68, 'ابلاغ ريتاج', 'الثاني ابتدائي', 7),
(69, 'أشبار حسام', 'أولى باكلوريا.', 7),
(70, 'أشبار محمد', 'أولى اعدادي', 7),
(71, 'مريزيك الزينة', 'الثالثة اعدادي', 7),
(72, 'بوري ريم', 'جدع مشترك.', 7),
(73, 'متوكيل كوثر', 'أولى اعدادي', 7),
(74, 'متوكيل إيمان', 'الثالثة اعدادي', 7),
(75, 'اسكيحيل عدنان', 'أولى باكلوريا.', 7),
(76, 'بلحوس لطيفة', 'أولى باكلوريا.', 7),
(77, 'بلحوس سميرة', 'أولى اعدادي', 7),
(78, 'السويح لينة', 'الثالثة اعدادي', 7),
(79, 'علام زيد', 'الثانية اعدادي', 7),
(80, 'داود سمية', 'أولى باكلوريا.', 7),
(81, 'اعكيك فاطمتو', 'الثالثة اعدادي', 7),
(82, 'حيسون تيماء', 'الثالثة اعدادي', 7),
(83, 'اعمر الضاية حمزة', 'أولى باكلوريا.', 7),
(84, 'بكور رانية', 'الثانية باكلوريا.', 7),
(85, 'الشين حسنة', 'التمهيدي الثاني', 5),
(86, 'اونيش بشرى', 'الرابع ابتدائي', 5),
(87, 'صاض صوفيا', 'الرابع ابتدائي', 5),
(88, 'صاض محمد علي', 'التمهيدي الثاني', 5),
(89, 'الساري أروى', 'الرابع ابتدائي', 5),
(90, 'خيرو مروى', 'الثاني ابتدائي', 5),
(91, 'الأنصاري عبد الرحمان', 'الخامس ابتدائي', 5),
(92, 'الرابح مريم', 'الأول ابتدائي', 5),
(93, 'بوغروين سارة ', 'الخامس ابتدائي', 5),
(94, 'بوغروين زيد', 'التمهيدي الثاني', 5),
(95, 'بوغروين سلمى', 'التمهيدي الأول', 5),
(96, 'المسومي مرام', 'السادس ابتدائي', 5),
(97, 'المسومي فاطمة', 'الرابع ابتدائي', 5),
(98, 'لبيض جود', 'الثالث ابتدائي', 5),
(99, 'بن مولى فاطمة الزهراء', 'الثاني ابتدائي', 5),
(100, 'بن مولى أمير', 'التمهيدي الثاني', 5),
(101, 'بن مولى أية', 'التمهيدي ', 5),
(102, 'دريم مروى', 'الثاني ابتدائي', 5),
(103, 'الجندوبي مريم', 'الثالث ابتدائي', 5),
(104, 'الجندوبي مروى', 'التمهيدي الأول', 5),
(105, 'رحالي سعد', 'الثالث ابتدائي', 5),
(106, 'رحالي أحمد', 'التمهيدي الثاني', 5),
(107, 'لخيارالغوث ', 'الثاني ابتدائي', 5),
(108, 'بابوزيد مروة', 'الرابع ابتدائي', 5),
(109, 'بابوزيد ريان', 'السادس ابتدائي', 5),
(110, 'بابوزيد إسلام', 'التمهيدي الأول', 5),
(111, 'جلون سارة', 'السادس ابتدائي', 5),
(112, 'بنشوير لينة', 'التمهيدي الأول', 5),
(113, 'السموني مريم', 'أولى اعدادي', 5),
(114, 'عياش حمدي', 'الثالثة اعدادي', 5),
(115, 'صابر بثينة', 'الثانية اعدادي', 5),
(116, 'طوير محمد', 'أولى اعدادي', 5),
(117, 'هنان خديجة', 'الثانية اعدادي', 5),
(118, 'هنان جميلة', 'أولى باكالوريا', 5),
(119, 'سعيدي علي', 'جدع مشترك', 5),
(120, 'اللولود براء', 'أولى اعدادي', 5),
(121, 'بودبوس محمد', 'جدع مشترك.', 5),
(122, 'بودبوس فاطمة', 'أولى اعدادي', 5),
(123, 'بوطيب نور الدين', 'أولى باكالوريا.', 5),
(124, 'بوطيب ادم', 'الثانية اعدادي', 5),
(125, 'أورخيس عبد العالي', 'جدع مشترك.', 5),
(126, 'أورخيس نورالدين', 'أولى اعدادي', 5),
(127, 'الادريسي نهيلة', 'أولى اعدادي', 5),
(128, 'لبيهي كلثوم', 'جدع مشترك.', 5),
(129, 'لبيهي تفرح', 'الثانية اعدادي', 5),
(130, 'ميتو هارون', 'الثانية اعدادي', 5),
(131, 'ميتو فاروق', 'أولى اعدادي', 5),
(132, 'الموساوي محمد', 'أولى اعدادي', 5),
(133, 'العياشي سارة', 'أولى اعدادي', 5),
(134, 'الكيرع الزينة', 'أولى اعدادي', 5),
(135, 'لعميري طه', 'التمهيدي الأول', 9),
(136, 'الخيراوي رحاب', 'التمهيدي ', 9),
(137, 'الخيراوي أشرف', 'السادس ابتدائي', 9),
(138, 'الخيراوي سليمان', 'الأول ابتدائي', 9),
(139, 'المودن صفوان', 'الثاني ابتدائي', 9),
(140, 'مخلوف محمد محمود', 'الخامس ابتدائي', 9),
(141, 'مخلوف أميرة', 'الثاني ابتدائي', 9),
(142, 'مخلوف إشراق', 'التمهيدي الثاني', 9),
(143, 'مخلوف آلاء', 'التمهيدي الأول', 9),
(144, 'الصافي أسماء', 'الثاني ابتدائي', 9),
(145, 'سيد القوم منيه', 'الثاني ابتدائي', 9),
(146, 'مطيع أيمن', 'الأول ابتدائي', 9),
(147, 'اليعقوبي اسامة', 'الخامس ابتدائي', 9),
(148, 'اليعقوبي دعاء', 'السادس ابتدائي', 9),
(149, 'الشناق محمد', 'الرابع ابتدائي', 9),
(150, 'الشناق يوسف', 'الخامس ابتدائي', 9),
(151, 'الزفاطي اسمهان', 'التمهيدي الثاني', 9),
(152, 'بوتباعة عمر', 'الرابع ابتدائي', 9),
(153, 'الشناق هاجر', 'السادس ابتدائي', 9),
(154, 'الشناق كوثر', 'التمهيدي الثاني', 9),
(155, 'اليزيدي الوالي', 'السادس ابتدائي', 9),
(156, 'الضعيف هبة الله', 'أولى باكلوريا.', 9),
(157, 'بلا ريم', 'أولى باكلوريا.', 9),
(158, 'بلا فاطمة الزهراء', 'الثالثة اعدادي', 9),
(159, 'زروال فاطمة', 'الثانية اعدادي', 9),
(160, 'هيبة خولة', 'أولى اعدادي', 9),
(161, 'هيبة يسلم ', 'جدع مشترك.', 9),
(162, 'حنيني صفية', 'أولى باكلوريا.', 9),
(163, 'السعدي مريم ', 'الثالثة اعدادي', 9),
(164, 'مهماه طه', 'أولى اعدادي', 9),
(165, 'لعتيك شيماء', 'جدع مشترك.', 9),
(166, 'كرتال ضحى', 'الثانية اعدادي', 9),
(167, 'الزوري صابرين', 'أولى باكلوريا.', 9),
(168, 'العروسي نور', 'الثانية اعدادي', 9),
(169, 'طيرى عبد الحليم', 'أولى اعدادي', 9),
(170, 'منصوري حمزة', 'أولى اعدادي', 9),
(171, 'بنموسى هبة', 'الخامس ابتدائي', 10),
(172, 'عريش نهاد', 'التمهيدي الثاني', 10),
(173, 'منتوران عمران', 'الثاني ابتدائي', 10),
(174, 'عركوبي رتاج', 'الثالث ابتدائي', 10),
(175, 'قلو الاء', 'الأول ابتدائي', 10),
(176, 'بلا حفصة', 'السادس ابتدائي', 10),
(177, 'بلاأحمد', 'الثاني ابتدائي', 10),
(178, 'بلا ردينة', 'الرابع ابتدائي', 10),
(179, 'بوشت محمد', 'التمهيدي الثاني', 10),
(180, 'بوشت صهيب', 'الثاني ابتدائي', 10),
(181, 'وهبي مروة', 'السادس ابتدائي', 10),
(182, 'بوديت ندى', 'السادس ابتدائي', 10),
(183, 'كرامة سيرين', 'الثالث ابتدائي', 10),
(184, 'الخطابي عمران', 'التمهيدي الثاني', 10),
(185, 'الخطابي ياسر', 'الرابع ابتدائي', 10),
(186, 'الرياضي حذيفة', 'الثاني ابتدائي', 10),
(187, 'الرياضي مروة', 'التمهيدي الثاني', 10),
(188, 'خر أسماء', 'الثاني ابتدائي', 10),
(189, 'بونعاج نور البدر', 'الثاني ابتدائي', 10),
(190, 'بومراح سلمان', 'الثاني ابتدائي', 10),
(191, 'بومراح جنان', 'الثاني ابتدائي', 10),
(192, 'رياضي نجاح', 'الثالث ابتدائي', 10),
(193, 'رياضي حبيب الله', 'الأول ابتدائي', 10),
(194, 'السلامي عبدالله', 'الخامس ابتدائي', 10),
(195, 'منصور عبد الرحمان', 'الرابع ابتدائي', 10),
(196, 'منصور ابراهيم', 'الثاني ابتدائي', 10),
(197, 'الشرفي القاسم الأمين', 'التمهيدي ', 10),
(198, 'بيفقرن يوسف', 'السادس ابتدائي', 10),
(199, 'جكاني أروى', 'أولى اعدادي', 10),
(200, 'مورضي المحفوظ', 'الثانية اعدادي', 10),
(201, 'الزيوكاي الخليل', 'الثانية اعدادي', 10),
(202, 'مايا فاطمتو', 'أولى اعدادي', 10),
(203, 'الحافظي هاجر', 'أولى اعدادي', 10),
(204, 'منصور الحسن', 'جدع مشترك.', 10),
(205, 'الزرقي  مريم', 'أولى اعدادي', 10),
(206, 'الزرقي مباركة', 'جدع مشترك.', 10),
(207, 'بوعمامة حفصة', 'أولى اعدادي', 10),
(208, 'الطالبي ابراهيم الخليل', 'أولى اعدادي', 10),
(209, 'لغزالي خولة ', 'الثانية اعدادي', 10),
(210, 'فكاك وهبة', 'الثانية اعدادي', 10),
(211, 'لبكم أشرف', 'الثانية باكلوريا.', 10),
(212, 'معمى سارة ', 'الثالثة اعدادي', 10),
(213, 'السلامي البشير', 'أولى اعدادي', 10),
(214, 'منصور عبد الله', 'أولى اعدادي', 10),
(215, 'كرمة  جهان', 'الأول ابتدائي', 8),
(216, 'عليا مريم', 'الأول ابتدائي', 8),
(217, 'عليا عبدالله', 'التمهيدي ', 8),
(218, 'عظيمي أمين', 'الرابع ابتدائي', 8),
(219, 'عظيمي جنات', 'التمهيدي الثاني', 8),
(220, 'ابوه محمد سالم', 'الأول ابتدائي', 8),
(221, 'الحر زياد', 'الرابع ابتدائي', 8),
(222, 'الحر ريان', 'التمهيدي الثاني', 8),
(223, 'ملوكي عائشة ', 'الأول ابتدائي', 8),
(224, 'ملوكي أميمة', 'الخامس ابتدائي', 8),
(225, 'عبد العزيز صالح تنتوش', 'الثاني ابتدائي', 8),
(226, 'بامريم وليد', 'الأول ابتدائي', 8),
(227, 'بارري خديجة', 'الخامس ابتدائي', 8),
(228, 'ابك زينب', 'التمهيدي الثاني', 8),
(229, 'ابك ماء العينين ', 'الثاني ابتدائي', 8),
(230, 'بودربال حمدي', 'الرابع ابتدائي', 8),
(231, 'أضرضور عمران', 'الخامس ابتدائي', 8),
(232, 'حوراك يحي', 'الرابع ابتدائي', 8),
(233, 'الهرموشي رانيا', 'الثالث ابتدائي', 8),
(234, 'الهرموشي رودينة', 'الخامس ابتدائي', 8),
(235, 'السباعي محمد', 'الثالث ابتدائي', 8),
(236, 'السباعي الدرجة', 'الثاني ابتدائي', 8),
(237, 'الشيخ حبيب الرحمان', 'التمهيدي الأول', 8),
(238, 'لمباركي منايا', 'التمهيدي الثاني', 8),
(239, 'اموجان محمد أمين', 'التمهيدي الأول', 8),
(240, 'الحلوى محمد أمين', 'الخامس ابتدائي', 8),
(241, 'اديحيا حسن', 'الخامس ابتدائي', 8),
(242, 'بوإغيث أسماء', 'الثالثة اعدادي', 11),
(243, 'بوإغيث مريم', 'الثانية باكلوريا.', 11),
(244, 'الحر عبد الصمد', 'الثانية اعدادي', 8),
(245, 'اسويح الددة', 'جدع مشترك.', 11),
(246, 'خلجان فرح', 'أولى اعدادي', 11),
(247, 'احمتو يوسف', 'أولى اعدادي', 11),
(248, 'موبين عبد الرحمان', 'أولى اعدادي', 11),
(249, 'بوبان نهيلة', 'الثانية اعدادي', 11),
(250, 'فايز الدين أية', 'أولى باكلوريا.', 11),
(251, 'فندي ملاك', 'الثانية باكلوريا.', 11),
(252, 'فندي سارة', 'الثالثة اعدادي', 11),
(253, 'بابيت اية', 'جدع مشترك.', 11),
(254, 'لاصفر عبد الالاه', 'الثالثة اعدادي', 11),
(255, 'الصحراوي عبد الرحمان', 'أولى اعدادي', 11),
(256, 'اسويح حمزة', 'أولى اعدادي', 11),
(257, 'عثماني هاجر', 'الثالثة اعدادي', 11),
(258, 'الجعفري هبة', 'الثالثة اعدادي', 11),
(259, 'يحي محمد', 'أولى باكلوريا.', 11),
(260, 'الكوخو حياة', 'الثالثة اعدادي', 11),
(261, 'الكوخو نصرة', 'أولى باكلوريا.', 11),
(262, 'بنعزوز أدم', 'الثانية اعدادي', 11),
(263, 'شماخ ملاك', 'أولى اعدادي', 11),
(264, 'الرمني محمد طه ', 'الرابع ابتدائي', 12),
(265, 'الموساوي أبوبكر', 'الرابع ابتدائي', 12),
(266, 'الموساوي بشرايا', 'الأول ابتدائي', 12),
(267, 'الواد أحمد', 'الرابع ابتدائي', 12),
(268, 'بوطويل أروى', 'لخامس ابتدائي', 12),
(269, 'بوطويل جوري', 'الأول ابتدائي', 12),
(270, 'لعمير لوجين', 'الأول ابتدائي', 12),
(271, 'امكاعد ملك', 'الثاني ابتدائي', 12),
(272, 'بن حمان أدم ', 'الرابع ابتدائي', 12),
(273, 'بن حمان ريان', 'الثاني ابتدائي', 12),
(274, 'ايت فاجير صابرين', 'التمهيدي الأول', 12),
(275, 'أيت فاجير ياسمين', 'الرابع ابتدائي', 12),
(276, 'اسويح مروة', 'الثاني ابتدائي', 12),
(277, 'المجرادي عمران', 'التمهيدي الأول', 12),
(278, 'ماعينيا كبيرة', 'التمهيدي الثاني', 12),
(279, 'ماعينيا القاسم', 'التمهيدي الأول', 12),
(280, 'اليدالي حواء', 'الأول ابتدائي', 12),
(281, 'بوصولة أروى', 'الثالث ابتدائي', 12),
(282, 'ادامينيس وصال', 'الثالثة اعدادي', 24),
(283, 'ادريسي محمد ادم', 'الثالثة اعدادي', 24),
(284, 'خلوق هاجر', 'أولى اعدادي', 24),
(285, 'بوتباعة مريم', 'أولى باكالوريا.', 24),
(286, 'بوتباعة فاطمة', 'أولى اعدادي', 24),
(287, 'المدميغ أيمن', 'أولى اعدادي', 24),
(288, 'بوكرين أحمد', 'الثانية اعدادي', 24),
(289, 'بومطى وسام', 'الثانية اعدادي', 24),
(290, 'مهراوي مريم', 'الثانية اعدادي', 24),
(291, 'اونيش أمين', 'أولى اعدادي', 13),
(292, 'قلو سلمى', 'جدع مشترك.', 13),
(293, 'قلو ريان', 'أولى اعدادي', 13),
(294, 'بوشامة علية', 'الثالثة اعدادي', 13);

-- --------------------------------------------------------

--
-- Structure de la table `responsable_des_transports`
--

CREATE TABLE `responsable_des_transports` (
  `ID_responsable` int(11) NOT NULL,
  `User_R` varchar(100) DEFAULT NULL,
  `PWD_R` varchar(50) DEFAULT NULL
) ENGINE=InnoDB DEFAULT CHARSET=utf8mb4 COLLATE=utf8mb4_general_ci;

--
-- Déchargement des données de la table `responsable_des_transports`
--

INSERT INTO `responsable_des_transports` (`ID_responsable`, `User_R`, `PWD_R`) VALUES
(1, 'Mustapha1984', 'Mustapha2014');

-- --------------------------------------------------------

--
-- Structure de la table `responsable_du_bus_scolaire`
--

CREATE TABLE `responsable_du_bus_scolaire` (
  `ID_chauffeur` int(11) NOT NULL,
  `nom_chauffeur` varchar(100) DEFAULT NULL,
  `User_C` varchar(100) DEFAULT NULL,
  `PWD_C` varchar(50) DEFAULT NULL
) ENGINE=InnoDB DEFAULT CHARSET=utf8mb4 COLLATE=utf8mb4_general_ci;

--
-- Déchargement des données de la table `responsable_du_bus_scolaire`
--

INSERT INTO `responsable_du_bus_scolaire` (`ID_chauffeur`, `nom_chauffeur`, `User_C`, `PWD_C`) VALUES
(9, 'اسرغين علي', 'aliasrghin', 'aliasrghin-24'),
(10, 'ورحمان نورالدين', 'nordin-wrhman', 'nordin-wrhman2024'),
(11, 'ايت وضار عزالدين', 'azdin-wdar', 'azdin-wdar47'),
(12, 'رمضان مصطفى', 'mustapha-ramdan', 'mustapha-ramdan87'),
(13, 'اسبيرة سعيد', 'said-aspira', 'said-aspira31'),
(14, 'أوتغيت محمد', 'mohamed-otghit', 'med-otghit54'),
(15, 'موسى لخضر ', 'moussa-lakhdar', 'moussa-83'),
(16, 'ابراهيم لهلال', 'brahim-lhlal', 'brahim-55'),
(17, 'أمزيل عبد الكريم', 'abdlkrim-amzil', 'amzil-33'),
(18, 'امبارك الدماني ', 'mbark-dmani', 'dmani-21'),
(19, 'زريكين محمد الأمين', 'medamin-zrigin', 'medamin-32'),
(20, 'بوخليق إبراهيم', 'brahim-boukhlik', 'boukhlik-03'),
(21, 'لبصيطة حسن', 'hsan-lbsipa', 'hsan-55'),
(22, 'الفيون المصطفى ', 'mustapha-fiyoun', 'fiyoun-29'),
(23, 'عمر أبريش ', 'omar-abrich', 'omar-86'),
(24, 'محمد منير', 'med-monir', 'monir-33'),
(25, 'كنطور ماالعينين', 'malinin-kantor', 'malinin-45'),
(26, 'لحسن ايت الزحاف', 'lhsan-zhaf', 'lhsan-18'),
(28, 'لحسن ياسني', 'lhsan-yasini', 'yasini-75'),
(29, 'أنجار الحسين', 'hosain-anjar', 'anjar-68'),
(30, 'أزيار الناجم', 'najm-azyar', 'najm-81'),
(31, 'دكور أحمد', 'ahmed-dkor', 'ahmed-03'),
(32, 'الحفيان عبد المجيد', 'abdlmajid-hfyan', 'abdlmajid-16');

--
-- Index pour les tables déchargées
--

--
-- Index pour la table `absence`
--
ALTER TABLE `absence`
  ADD PRIMARY KEY (`ID_Absence`),
  ADD KEY `RAE` (`IDétudient`),
  ADD KEY `RAB` (`IDbus`);

--
-- Index pour la table `bus_scolaire`
--
ALTER TABLE `bus_scolaire`
  ADD PRIMARY KEY (`ID_bus`),
  ADD KEY `RBR` (`IdChauffeur`);

--
-- Index pour la table `etudient`
--
ALTER TABLE `etudient`
  ADD PRIMARY KEY (`ID_étudient`),
  ADD KEY `REB` (`IdBus`);

--
-- Index pour la table `responsable_des_transports`
--
ALTER TABLE `responsable_des_transports`
  ADD PRIMARY KEY (`ID_responsable`);

--
-- Index pour la table `responsable_du_bus_scolaire`
--
ALTER TABLE `responsable_du_bus_scolaire`
  ADD PRIMARY KEY (`ID_chauffeur`);

--
-- AUTO_INCREMENT pour les tables déchargées
--

--
-- AUTO_INCREMENT pour la table `absence`
--
ALTER TABLE `absence`
  MODIFY `ID_Absence` int(11) NOT NULL AUTO_INCREMENT, AUTO_INCREMENT=53;

--
-- AUTO_INCREMENT pour la table `bus_scolaire`
--
ALTER TABLE `bus_scolaire`
  MODIFY `ID_bus` int(11) NOT NULL AUTO_INCREMENT, AUTO_INCREMENT=25;

--
-- AUTO_INCREMENT pour la table `etudient`
--
ALTER TABLE `etudient`
  MODIFY `ID_étudient` int(11) NOT NULL AUTO_INCREMENT, AUTO_INCREMENT=295;

--
-- AUTO_INCREMENT pour la table `responsable_des_transports`
--
ALTER TABLE `responsable_des_transports`
  MODIFY `ID_responsable` int(11) NOT NULL AUTO_INCREMENT, AUTO_INCREMENT=2;

--
-- AUTO_INCREMENT pour la table `responsable_du_bus_scolaire`
--
ALTER TABLE `responsable_du_bus_scolaire`
  MODIFY `ID_chauffeur` int(11) NOT NULL AUTO_INCREMENT, AUTO_INCREMENT=33;

--
-- Contraintes pour les tables déchargées
--

--
-- Contraintes pour la table `absence`
--
ALTER TABLE `absence`
  ADD CONSTRAINT `RAB` FOREIGN KEY (`IDbus`) REFERENCES `bus_scolaire` (`ID_bus`),
  ADD CONSTRAINT `RAE` FOREIGN KEY (`IDétudient`) REFERENCES `etudient` (`ID_étudient`);

--
-- Contraintes pour la table `bus_scolaire`
--
ALTER TABLE `bus_scolaire`
  ADD CONSTRAINT `RBR` FOREIGN KEY (`IdChauffeur`) REFERENCES `responsable_du_bus_scolaire` (`ID_chauffeur`);

--
-- Contraintes pour la table `etudient`
--
ALTER TABLE `etudient`
  ADD CONSTRAINT `REB` FOREIGN KEY (`IdBus`) REFERENCES `bus_scolaire` (`ID_bus`);
COMMIT;

/*!40101 SET CHARACTER_SET_CLIENT=@OLD_CHARACTER_SET_CLIENT */;
/*!40101 SET CHARACTER_SET_RESULTS=@OLD_CHARACTER_SET_RESULTS */;
/*!40101 SET COLLATION_CONNECTION=@OLD_COLLATION_CONNECTION */;
